<beans xmlns="http://www.springframework.org/schema/beans"
	xmlns:xsi="http://www.w3.org/2001/XMLSchema-instance" xmlns:context="http://www.springframework.org/schema/context"
	xsi:schemaLocation="http://www.springframework.org/schema/beans
     http://www.springframework.org/schema/beans/spring-beans-3.0.xsd
     http://www.springframework.org/schema/context
     http://www.springframework.org/schema/context/spring-context-3.0.xsd">
     <bean id="sbu" class="com.cg.sbu.SBUBean">
     <property name="sbuCode" value="4"/>
     <property name="sbuName" value="Kiran Rao"/>
     <property name="sbuHead" value="Product Engineering Services"/>
     <property name="employees">
     <list>
	<ref bean="employee1"/>
	<ref bean="employee2"/>
	</list>
      </property>
     </bean>
     <bean id="employee1" class="com.cg.sbu.EmployeeBean">
	<property  name="employeeId" value="12345"/>
     <property  name="employeeName" value="Harriet"/>
     <property  name="salary" value="40000.0"/>
     <property  name="age" value="30"/>
	</bean>
	<bean id="employee2" class="com.cg.sbu.EmployeeBean">
	<property  name="employeeId" value="12346"/>
     <property  name="employeeName" value="John"/>
     <property  name="salary" value="50000.0"/>
     <property  name="age" value="30"/>
	</bean>
	
		 
		
</beans>