<beans xmlns="http://www.springframework.org/schema/beans"
	xmlns:xsi="http://www.w3.org/2001/XMLSchema-instance" xmlns:context="http://www.springframework.org/schema/context"
	xsi:schemaLocation="http://www.springframework.org/schema/beans
     http://www.springframework.org/schema/beans/spring-beans-3.0.xsd
     http://www.springframework.org/schema/context
     http://www.springframework.org/schema/context/spring-context-3.0.xsd">
     <bean id="employee" class="com.cg.employee.EmployeeBean">
     <property  name="age" value="30"/>
     <property  name="id" value="12345"/>
     <property  name="name" value="Harriet"/>
     <property  name="salary" value="40000.0"/>
     <property  name="businessUnit" ref="businessUnit"/>   
     </bean>
     <bean id="businessUnit" class="com.cg.employee.SBUBean">
     <property name="sbuId" value="4"/>
     <property name="sbuName" value="Kiran Rao"/>
     <property name="sbuHead" value="Product Endineering Services"/>
     </bean>
		 
		
</beans>